userid,pwd,email,displayName,random_user_id
user1,1,user1@campus.fct.unl.pt,user1,user18
user2,2,user2@campus.fct.unl.pt,user2,user29
user3,3,user3@campus.fct.unl.pt,user3,user27
user4,4,user4@campus.fct.unl.pt,user4,user11
user5,5,user5@campus.fct.unl.pt,user5,user15
user6,6,user6@campus.fct.unl.pt,user6,user27
user7,7,user7@campus.fct.unl.pt,user7,user18
user8,8,user8@campus.fct.unl.pt,user8,user6
user9,9,user9@campus.fct.unl.pt,user9,user17
user10,10,user10@campus.fct.unl.pt,user10,user20
user11,11,user11@campus.fct.unl.pt,user11,user27
user12,12,user12@campus.fct.unl.pt,user12,user5
user13,13,user13@campus.fct.unl.pt,user13,user24
user14,14,user14@campus.fct.unl.pt,user14,user21
user15,15,user15@campus.fct.unl.pt,user15,user24
user16,16,user16@campus.fct.unl.pt,user16,user13
user17,17,user17@campus.fct.unl.pt,user17,user29
user18,18,user18@campus.fct.unl.pt,user18,user22
user19,19,user19@campus.fct.unl.pt,user19,user28
user20,20,user20@campus.fct.unl.pt,user20,user18
user21,21,user21@campus.fct.unl.pt,user21,user2
user22,22,user22@campus.fct.unl.pt,user22,user20
user23,23,user23@campus.fct.unl.pt,user23,user28
user24,24,user24@campus.fct.unl.pt,user24,user14
user25,25,user25@campus.fct.unl.pt,user25,user20
user26,26,user26@campus.fct.unl.pt,user26,user27
user27,27,user27@campus.fct.unl.pt,user27,user19
user28,28,user28@campus.fct.unl.pt,user28,user10
user29,29,user29@campus.fct.unl.pt,user29,user24
user30,30,user30@campus.fct.unl.pt,user30,user3
user31,31,user31@campus.fct.unl.pt,user31,user22
user32,32,user32@campus.fct.unl.pt,user32,user15
user33,33,user33@campus.fct.unl.pt,user33,user20
user34,34,user34@campus.fct.unl.pt,user34,user13
user35,35,user35@campus.fct.unl.pt,user35,user24
user36,36,user36@campus.fct.unl.pt,user36,user18
user37,37,user37@campus.fct.unl.pt,user37,user19
user38,38,user38@campus.fct.unl.pt,user38,user5
user39,39,user39@campus.fct.unl.pt,user39,user24
user40,40,user40@campus.fct.unl.pt,user40,user17
user41,41,user41@campus.fct.unl.pt,user41,user14
user42,42,user42@campus.fct.unl.pt,user42,user26
user43,43,user43@campus.fct.unl.pt,user43,user4
user44,44,user44@campus.fct.unl.pt,user44,user20
user45,45,user45@campus.fct.unl.pt,user45,user15
user46,46,user46@campus.fct.unl.pt,user46,user15
user47,47,user47@campus.fct.unl.pt,user47,user29
user48,48,user48@campus.fct.unl.pt,user48,user3
user49,49,user49@campus.fct.unl.pt,user49,user7
user50,50,user50@campus.fct.unl.pt,user50,user19
user51,51,user51@campus.fct.unl.pt,user51,user6
user52,52,user52@campus.fct.unl.pt,user52,user13
user53,53,user53@campus.fct.unl.pt,user53,user22
user54,54,user54@campus.fct.unl.pt,user54,user29
user55,55,user55@campus.fct.unl.pt,user55,user12
user56,56,user56@campus.fct.unl.pt,user56,user17
user57,57,user57@campus.fct.unl.pt,user57,user13
user58,58,user58@campus.fct.unl.pt,user58,user23
user59,59,user59@campus.fct.unl.pt,user59,user7
user60,60,user60@campus.fct.unl.pt,user60,user13
user61,61,user61@campus.fct.unl.pt,user61,user11
user62,62,user62@campus.fct.unl.pt,user62,user26
user63,63,user63@campus.fct.unl.pt,user63,user11
user64,64,user64@campus.fct.unl.pt,user64,user9
user65,65,user65@campus.fct.unl.pt,user65,user30
user66,66,user66@campus.fct.unl.pt,user66,user5
user67,67,user67@campus.fct.unl.pt,user67,user6
user68,68,user68@campus.fct.unl.pt,user68,user20
user69,69,user69@campus.fct.unl.pt,user69,user12
user70,70,user70@campus.fct.unl.pt,user70,user17
user71,71,user71@campus.fct.unl.pt,user71,user18
user72,72,user72@campus.fct.unl.pt,user72,user6
user73,73,user73@campus.fct.unl.pt,user73,user14
user74,74,user74@campus.fct.unl.pt,user74,user20
user75,75,user75@campus.fct.unl.pt,user75,user7
user76,76,user76@campus.fct.unl.pt,user76,user29
user77,77,user77@campus.fct.unl.pt,user77,user9
user78,78,user78@campus.fct.unl.pt,user78,user29
user79,79,user79@campus.fct.unl.pt,user79,user9
user80,80,user80@campus.fct.unl.pt,user80,user5
user81,81,user81@campus.fct.unl.pt,user81,user15
user82,82,user82@campus.fct.unl.pt,user82,user8
user83,83,user83@campus.fct.unl.pt,user83,user23
user84,84,user84@campus.fct.unl.pt,user84,user30
user85,85,user85@campus.fct.unl.pt,user85,user13
user86,86,user86@campus.fct.unl.pt,user86,user6
user87,87,user87@campus.fct.unl.pt,user87,user29
user88,88,user88@campus.fct.unl.pt,user88,user4
user89,89,user89@campus.fct.unl.pt,user89,user16
user90,90,user90@campus.fct.unl.pt,user90,user14
user91,91,user91@campus.fct.unl.pt,user91,user27
user92,92,user92@campus.fct.unl.pt,user92,user24
user93,93,user93@campus.fct.unl.pt,user93,user7
user94,94,user94@campus.fct.unl.pt,user94,user4
user95,95,user95@campus.fct.unl.pt,user95,user7
user96,96,user96@campus.fct.unl.pt,user96,user15
user97,97,user97@campus.fct.unl.pt,user97,user18
user98,98,user98@campus.fct.unl.pt,user98,user23
user99,99,user99@campus.fct.unl.pt,user99,user28
user100,100,user100@campus.fct.unl.pt,user100,user5
user101,101,user101@campus.fct.unl.pt,user101,user6
user102,102,user102@campus.fct.unl.pt,user102,user21
user103,103,user103@campus.fct.unl.pt,user103,user13
user104,104,user104@campus.fct.unl.pt,user104,user23
user105,105,user105@campus.fct.unl.pt,user105,user29
user106,106,user106@campus.fct.unl.pt,user106,user2
user107,107,user107@campus.fct.unl.pt,user107,user18
user108,108,user108@campus.fct.unl.pt,user108,user19
user109,109,user109@campus.fct.unl.pt,user109,user27
user110,110,user110@campus.fct.unl.pt,user110,user14
user111,111,user111@campus.fct.unl.pt,user111,user17
user112,112,user112@campus.fct.unl.pt,user112,user22
user113,113,user113@campus.fct.unl.pt,user113,user13
user114,114,user114@campus.fct.unl.pt,user114,user2
user115,115,user115@campus.fct.unl.pt,user115,user26
user116,116,user116@campus.fct.unl.pt,user116,user29
user117,117,user117@campus.fct.unl.pt,user117,user20
user118,118,user118@campus.fct.unl.pt,user118,user12
user119,119,user119@campus.fct.unl.pt,user119,user5
user120,120,user120@campus.fct.unl.pt,user120,user12
user121,121,user121@campus.fct.unl.pt,user121,user29
user122,122,user122@campus.fct.unl.pt,user122,user17
user123,123,user123@campus.fct.unl.pt,user123,user4
user124,124,user124@campus.fct.unl.pt,user124,user21
user125,125,user125@campus.fct.unl.pt,user125,user12
user126,126,user126@campus.fct.unl.pt,user126,user5
user127,127,user127@campus.fct.unl.pt,user127,user9
user128,128,user128@campus.fct.unl.pt,user128,user13
user129,129,user129@campus.fct.unl.pt,user129,user10
user130,130,user130@campus.fct.unl.pt,user130,user8
user131,131,user131@campus.fct.unl.pt,user131,user30
user132,132,user132@campus.fct.unl.pt,user132,user2
user133,133,user133@campus.fct.unl.pt,user133,user27
user134,134,user134@campus.fct.unl.pt,user134,user22
user135,135,user135@campus.fct.unl.pt,user135,user18
user136,136,user136@campus.fct.unl.pt,user136,user24
user137,137,user137@campus.fct.unl.pt,user137,user28
user138,138,user138@campus.fct.unl.pt,user138,user13
user139,139,user139@campus.fct.unl.pt,user139,user14
user140,140,user140@campus.fct.unl.pt,user140,user13
user141,141,user141@campus.fct.unl.pt,user141,user23
user142,142,user142@campus.fct.unl.pt,user142,user3
user143,143,user143@campus.fct.unl.pt,user143,user16
user144,144,user144@campus.fct.unl.pt,user144,user25
user145,145,user145@campus.fct.unl.pt,user145,user6
user146,146,user146@campus.fct.unl.pt,user146,user22
user147,147,user147@campus.fct.unl.pt,user147,user28
user148,148,user148@campus.fct.unl.pt,user148,user2
user149,149,user149@campus.fct.unl.pt,user149,user26
user150,150,user150@campus.fct.unl.pt,user150,user13
user151,151,user151@campus.fct.unl.pt,user151,user25
user152,152,user152@campus.fct.unl.pt,user152,user20
user153,153,user153@campus.fct.unl.pt,user153,user28
user154,154,user154@campus.fct.unl.pt,user154,user6
user155,155,user155@campus.fct.unl.pt,user155,user6
user156,156,user156@campus.fct.unl.pt,user156,user14
user157,157,user157@campus.fct.unl.pt,user157,user7
user158,158,user158@campus.fct.unl.pt,user158,user21
user159,159,user159@campus.fct.unl.pt,user159,user28
user160,160,user160@campus.fct.unl.pt,user160,user13
user161,161,user161@campus.fct.unl.pt,user161,user17
user162,162,user162@campus.fct.unl.pt,user162,user30
user163,163,user163@campus.fct.unl.pt,user163,user27
user164,164,user164@campus.fct.unl.pt,user164,user28
user165,165,user165@campus.fct.unl.pt,user165,user20
user166,166,user166@campus.fct.unl.pt,user166,user8
user167,167,user167@campus.fct.unl.pt,user167,user12
user168,168,user168@campus.fct.unl.pt,user168,user8
user169,169,user169@campus.fct.unl.pt,user169,user30
user170,170,user170@campus.fct.unl.pt,user170,user25
user171,171,user171@campus.fct.unl.pt,user171,user4
user172,172,user172@campus.fct.unl.pt,user172,user2
user173,173,user173@campus.fct.unl.pt,user173,user9
user174,174,user174@campus.fct.unl.pt,user174,user27
user175,175,user175@campus.fct.unl.pt,user175,user12
user176,176,user176@campus.fct.unl.pt,user176,user21
user177,177,user177@campus.fct.unl.pt,user177,user14
user178,178,user178@campus.fct.unl.pt,user178,user25
user179,179,user179@campus.fct.unl.pt,user179,user25
user180,180,user180@campus.fct.unl.pt,user180,user8
user181,181,user181@campus.fct.unl.pt,user181,user25
user182,182,user182@campus.fct.unl.pt,user182,user14
user183,183,user183@campus.fct.unl.pt,user183,user30
user184,184,user184@campus.fct.unl.pt,user184,user13
user185,185,user185@campus.fct.unl.pt,user185,user16
user186,186,user186@campus.fct.unl.pt,user186,user16
user187,187,user187@campus.fct.unl.pt,user187,user8
user188,188,user188@campus.fct.unl.pt,user188,user9
user189,189,user189@campus.fct.unl.pt,user189,user26
user190,190,user190@campus.fct.unl.pt,user190,user24
user191,191,user191@campus.fct.unl.pt,user191,user3
user192,192,user192@campus.fct.unl.pt,user192,user28
user193,193,user193@campus.fct.unl.pt,user193,user19
user194,194,user194@campus.fct.unl.pt,user194,user10
user195,195,user195@campus.fct.unl.pt,user195,user15
user196,196,user196@campus.fct.unl.pt,user196,user23
user197,197,user197@campus.fct.unl.pt,user197,user9
user198,198,user198@campus.fct.unl.pt,user198,user6
user199,199,user199@campus.fct.unl.pt,user199,user4
user200,200,user200@campus.fct.unl.pt,user200,user27
user201,201,user201@campus.fct.unl.pt,user201,user6
user202,202,user202@campus.fct.unl.pt,user202,user19
user203,203,user203@campus.fct.unl.pt,user203,user19
user204,204,user204@campus.fct.unl.pt,user204,user22
user205,205,user205@campus.fct.unl.pt,user205,user14
user206,206,user206@campus.fct.unl.pt,user206,user27
user207,207,user207@campus.fct.unl.pt,user207,user21
user208,208,user208@campus.fct.unl.pt,user208,user23
user209,209,user209@campus.fct.unl.pt,user209,user29
user210,210,user210@campus.fct.unl.pt,user210,user21
user211,211,user211@campus.fct.unl.pt,user211,user8
user212,212,user212@campus.fct.unl.pt,user212,user5
user213,213,user213@campus.fct.unl.pt,user213,user29
user214,214,user214@campus.fct.unl.pt,user214,user12
user215,215,user215@campus.fct.unl.pt,user215,user18
user216,216,user216@campus.fct.unl.pt,user216,user3
user217,217,user217@campus.fct.unl.pt,user217,user25
user218,218,user218@campus.fct.unl.pt,user218,user20
user219,219,user219@campus.fct.unl.pt,user219,user10
user220,220,user220@campus.fct.unl.pt,user220,user25
user221,221,user221@campus.fct.unl.pt,user221,user2
user222,222,user222@campus.fct.unl.pt,user222,user6
user223,223,user223@campus.fct.unl.pt,user223,user24
user224,224,user224@campus.fct.unl.pt,user224,user24
user225,225,user225@campus.fct.unl.pt,user225,user23
user226,226,user226@campus.fct.unl.pt,user226,user19
user227,227,user227@campus.fct.unl.pt,user227,user18
user228,228,user228@campus.fct.unl.pt,user228,user27
user229,229,user229@campus.fct.unl.pt,user229,user18
user230,230,user230@campus.fct.unl.pt,user230,user14
user231,231,user231@campus.fct.unl.pt,user231,user8
user232,232,user232@campus.fct.unl.pt,user232,user27
user233,233,user233@campus.fct.unl.pt,user233,user25
user234,234,user234@campus.fct.unl.pt,user234,user16
user235,235,user235@campus.fct.unl.pt,user235,user10
user236,236,user236@campus.fct.unl.pt,user236,user14
user237,237,user237@campus.fct.unl.pt,user237,user23
user238,238,user238@campus.fct.unl.pt,user238,user20
user239,239,user239@campus.fct.unl.pt,user239,user16
user240,240,user240@campus.fct.unl.pt,user240,user27
user241,241,user241@campus.fct.unl.pt,user241,user3
user242,242,user242@campus.fct.unl.pt,user242,user10
user243,243,user243@campus.fct.unl.pt,user243,user15
user244,244,user244@campus.fct.unl.pt,user244,user7
user245,245,user245@campus.fct.unl.pt,user245,user18
user246,246,user246@campus.fct.unl.pt,user246,user19
user247,247,user247@campus.fct.unl.pt,user247,user13
user248,248,user248@campus.fct.unl.pt,user248,user27
user249,249,user249@campus.fct.unl.pt,user249,user8
user250,250,user250@campus.fct.unl.pt,user250,user30
user251,251,user251@campus.fct.unl.pt,user251,user14
user252,252,user252@campus.fct.unl.pt,user252,user28
user253,253,user253@campus.fct.unl.pt,user253,user22
user254,254,user254@campus.fct.unl.pt,user254,user19
user255,255,user255@campus.fct.unl.pt,user255,user12
user256,256,user256@campus.fct.unl.pt,user256,user25
user257,257,user257@campus.fct.unl.pt,user257,user3
user258,258,user258@campus.fct.unl.pt,user258,user19
user259,259,user259@campus.fct.unl.pt,user259,user23
user260,260,user260@campus.fct.unl.pt,user260,user22
user261,261,user261@campus.fct.unl.pt,user261,user10
user262,262,user262@campus.fct.unl.pt,user262,user19
user263,263,user263@campus.fct.unl.pt,user263,user3
user264,264,user264@campus.fct.unl.pt,user264,user10
user265,265,user265@campus.fct.unl.pt,user265,user15
user266,266,user266@campus.fct.unl.pt,user266,user9
user267,267,user267@campus.fct.unl.pt,user267,user23
user268,268,user268@campus.fct.unl.pt,user268,user11
user269,269,user269@campus.fct.unl.pt,user269,user16
user270,270,user270@campus.fct.unl.pt,user270,user17
user271,271,user271@campus.fct.unl.pt,user271,user15
user272,272,user272@campus.fct.unl.pt,user272,user16
user273,273,user273@campus.fct.unl.pt,user273,user5
user274,274,user274@campus.fct.unl.pt,user274,user26
user275,275,user275@campus.fct.unl.pt,user275,user2
user276,276,user276@campus.fct.unl.pt,user276,user11
user277,277,user277@campus.fct.unl.pt,user277,user18
user278,278,user278@campus.fct.unl.pt,user278,user25
user279,279,user279@campus.fct.unl.pt,user279,user30
user280,280,user280@campus.fct.unl.pt,user280,user25
user281,281,user281@campus.fct.unl.pt,user281,user16
user282,282,user282@campus.fct.unl.pt,user282,user5
user283,283,user283@campus.fct.unl.pt,user283,user18
user284,284,user284@campus.fct.unl.pt,user284,user26
user285,285,user285@campus.fct.unl.pt,user285,user18
user286,286,user286@campus.fct.unl.pt,user286,user11
user287,287,user287@campus.fct.unl.pt,user287,user26
user288,288,user288@campus.fct.unl.pt,user288,user18
user289,289,user289@campus.fct.unl.pt,user289,user28
user290,290,user290@campus.fct.unl.pt,user290,user30
user291,291,user291@campus.fct.unl.pt,user291,user27
user292,292,user292@campus.fct.unl.pt,user292,user12
user293,293,user293@campus.fct.unl.pt,user293,user6
user294,294,user294@campus.fct.unl.pt,user294,user28
user295,295,user295@campus.fct.unl.pt,user295,user15
user296,296,user296@campus.fct.unl.pt,user296,user8
user297,297,user297@campus.fct.unl.pt,user297,user12
user298,298,user298@campus.fct.unl.pt,user298,user4
user299,299,user299@campus.fct.unl.pt,user299,user26
user300,300,user300@campus.fct.unl.pt,user300,user17
user301,301,user301@campus.fct.unl.pt,user301,user5
user302,302,user302@campus.fct.unl.pt,user302,user27
user303,303,user303@campus.fct.unl.pt,user303,user20
user304,304,user304@campus.fct.unl.pt,user304,user7
user305,305,user305@campus.fct.unl.pt,user305,user4
user306,306,user306@campus.fct.unl.pt,user306,user28
user307,307,user307@campus.fct.unl.pt,user307,user9
user308,308,user308@campus.fct.unl.pt,user308,user30
user309,309,user309@campus.fct.unl.pt,user309,user6
user310,310,user310@campus.fct.unl.pt,user310,user7
user311,311,user311@campus.fct.unl.pt,user311,user29
user312,312,user312@campus.fct.unl.pt,user312,user29
user313,313,user313@campus.fct.unl.pt,user313,user6
user314,314,user314@campus.fct.unl.pt,user314,user10
user315,315,user315@campus.fct.unl.pt,user315,user20
user316,316,user316@campus.fct.unl.pt,user316,user23
user317,317,user317@campus.fct.unl.pt,user317,user3
user318,318,user318@campus.fct.unl.pt,user318,user26
user319,319,user319@campus.fct.unl.pt,user319,user23
user320,320,user320@campus.fct.unl.pt,user320,user4
user321,321,user321@campus.fct.unl.pt,user321,user26
user322,322,user322@campus.fct.unl.pt,user322,user9
user323,323,user323@campus.fct.unl.pt,user323,user19
user324,324,user324@campus.fct.unl.pt,user324,user2
user325,325,user325@campus.fct.unl.pt,user325,user6
user326,326,user326@campus.fct.unl.pt,user326,user29
user327,327,user327@campus.fct.unl.pt,user327,user30
user328,328,user328@campus.fct.unl.pt,user328,user5
user329,329,user329@campus.fct.unl.pt,user329,user22
user330,330,user330@campus.fct.unl.pt,user330,user8
user331,331,user331@campus.fct.unl.pt,user331,user29
user332,332,user332@campus.fct.unl.pt,user332,user22
user333,333,user333@campus.fct.unl.pt,user333,user7
user334,334,user334@campus.fct.unl.pt,user334,user22
user335,335,user335@campus.fct.unl.pt,user335,user26
user336,336,user336@campus.fct.unl.pt,user336,user10
user337,337,user337@campus.fct.unl.pt,user337,user17
user338,338,user338@campus.fct.unl.pt,user338,user16
user339,339,user339@campus.fct.unl.pt,user339,user6
user340,340,user340@campus.fct.unl.pt,user340,user24
user341,341,user341@campus.fct.unl.pt,user341,user14
user342,342,user342@campus.fct.unl.pt,user342,user26
user343,343,user343@campus.fct.unl.pt,user343,user8
user344,344,user344@campus.fct.unl.pt,user344,user29
user345,345,user345@campus.fct.unl.pt,user345,user30
user346,346,user346@campus.fct.unl.pt,user346,user23
user347,347,user347@campus.fct.unl.pt,user347,user15
user348,348,user348@campus.fct.unl.pt,user348,user25
user349,349,user349@campus.fct.unl.pt,user349,user19
user350,350,user350@campus.fct.unl.pt,user350,user6
user351,351,user351@campus.fct.unl.pt,user351,user1
user352,352,user352@campus.fct.unl.pt,user352,user3
user353,353,user353@campus.fct.unl.pt,user353,user4
user354,354,user354@campus.fct.unl.pt,user354,user30
user355,355,user355@campus.fct.unl.pt,user355,user13
user356,356,user356@campus.fct.unl.pt,user356,user28
user357,357,user357@campus.fct.unl.pt,user357,user21
user358,358,user358@campus.fct.unl.pt,user358,user14
user359,359,user359@campus.fct.unl.pt,user359,user3
user360,360,user360@campus.fct.unl.pt,user360,user28
user361,361,user361@campus.fct.unl.pt,user361,user1
user362,362,user362@campus.fct.unl.pt,user362,user6
user363,363,user363@campus.fct.unl.pt,user363,user24
user364,364,user364@campus.fct.unl.pt,user364,user3
user365,365,user365@campus.fct.unl.pt,user365,user3
user366,366,user366@campus.fct.unl.pt,user366,user17
user367,367,user367@campus.fct.unl.pt,user367,user26
user368,368,user368@campus.fct.unl.pt,user368,user8
user369,369,user369@campus.fct.unl.pt,user369,user22
user370,370,user370@campus.fct.unl.pt,user370,user15
user371,371,user371@campus.fct.unl.pt,user371,user12
user372,372,user372@campus.fct.unl.pt,user372,user10
user373,373,user373@campus.fct.unl.pt,user373,user10
user374,374,user374@campus.fct.unl.pt,user374,user21
user375,375,user375@campus.fct.unl.pt,user375,user18
user376,376,user376@campus.fct.unl.pt,user376,user13
user377,377,user377@campus.fct.unl.pt,user377,user7
user378,378,user378@campus.fct.unl.pt,user378,user3
user379,379,user379@campus.fct.unl.pt,user379,user18
user380,380,user380@campus.fct.unl.pt,user380,user4
user381,381,user381@campus.fct.unl.pt,user381,user12
user382,382,user382@campus.fct.unl.pt,user382,user1
user383,383,user383@campus.fct.unl.pt,user383,user28
user384,384,user384@campus.fct.unl.pt,user384,user22
user385,385,user385@campus.fct.unl.pt,user385,user30
user386,386,user386@campus.fct.unl.pt,user386,user8
user387,387,user387@campus.fct.unl.pt,user387,user15
user388,388,user388@campus.fct.unl.pt,user388,user7
user389,389,user389@campus.fct.unl.pt,user389,user5
user390,390,user390@campus.fct.unl.pt,user390,user11
user391,391,user391@campus.fct.unl.pt,user391,user18
user392,392,user392@campus.fct.unl.pt,user392,user3
user393,393,user393@campus.fct.unl.pt,user393,user14
user394,394,user394@campus.fct.unl.pt,user394,user8
user395,395,user395@campus.fct.unl.pt,user395,user7
user396,396,user396@campus.fct.unl.pt,user396,user11
user397,397,user397@campus.fct.unl.pt,user397,user21
user398,398,user398@campus.fct.unl.pt,user398,user28
user399,399,user399@campus.fct.unl.pt,user399,user10
user400,400,user400@campus.fct.unl.pt,user400,user29
user401,401,user401@campus.fct.unl.pt,user401,user3
user402,402,user402@campus.fct.unl.pt,user402,user5
user403,403,user403@campus.fct.unl.pt,user403,user20
user404,404,user404@campus.fct.unl.pt,user404,user2
user405,405,user405@campus.fct.unl.pt,user405,user23
user406,406,user406@campus.fct.unl.pt,user406,user10
user407,407,user407@campus.fct.unl.pt,user407,user17
user408,408,user408@campus.fct.unl.pt,user408,user29
user409,409,user409@campus.fct.unl.pt,user409,user18
user410,410,user410@campus.fct.unl.pt,user410,user6
user411,411,user411@campus.fct.unl.pt,user411,user8
user412,412,user412@campus.fct.unl.pt,user412,user9
user413,413,user413@campus.fct.unl.pt,user413,user21
user414,414,user414@campus.fct.unl.pt,user414,user21
user415,415,user415@campus.fct.unl.pt,user415,user3
user416,416,user416@campus.fct.unl.pt,user416,user24
user417,417,user417@campus.fct.unl.pt,user417,user5
user418,418,user418@campus.fct.unl.pt,user418,user24
user419,419,user419@campus.fct.unl.pt,user419,user17
user420,420,user420@campus.fct.unl.pt,user420,user8
user421,421,user421@campus.fct.unl.pt,user421,user5
user422,422,user422@campus.fct.unl.pt,user422,user19
user423,423,user423@campus.fct.unl.pt,user423,user10
user424,424,user424@campus.fct.unl.pt,user424,user20
user425,425,user425@campus.fct.unl.pt,user425,user20
user426,426,user426@campus.fct.unl.pt,user426,user7
user427,427,user427@campus.fct.unl.pt,user427,user24
user428,428,user428@campus.fct.unl.pt,user428,user29
user429,429,user429@campus.fct.unl.pt,user429,user15
user430,430,user430@campus.fct.unl.pt,user430,user7
user431,431,user431@campus.fct.unl.pt,user431,user20
user432,432,user432@campus.fct.unl.pt,user432,user30
user433,433,user433@campus.fct.unl.pt,user433,user29
user434,434,user434@campus.fct.unl.pt,user434,user16
user435,435,user435@campus.fct.unl.pt,user435,user21
user436,436,user436@campus.fct.unl.pt,user436,user12
user437,437,user437@campus.fct.unl.pt,user437,user29
user438,438,user438@campus.fct.unl.pt,user438,user4
user439,439,user439@campus.fct.unl.pt,user439,user11
user440,440,user440@campus.fct.unl.pt,user440,user17
user441,441,user441@campus.fct.unl.pt,user441,user8
user442,442,user442@campus.fct.unl.pt,user442,user24
user443,443,user443@campus.fct.unl.pt,user443,user14
user444,444,user444@campus.fct.unl.pt,user444,user11
user445,445,user445@campus.fct.unl.pt,user445,user17
user446,446,user446@campus.fct.unl.pt,user446,user30
user447,447,user447@campus.fct.unl.pt,user447,user16
user448,448,user448@campus.fct.unl.pt,user448,user11
user449,449,user449@campus.fct.unl.pt,user449,user7
user450,450,user450@campus.fct.unl.pt,user450,user16
user451,451,user451@campus.fct.unl.pt,user451,user12
user452,452,user452@campus.fct.unl.pt,user452,user11
user453,453,user453@campus.fct.unl.pt,user453,user13
user454,454,user454@campus.fct.unl.pt,user454,user12
user455,455,user455@campus.fct.unl.pt,user455,user26
user456,456,user456@campus.fct.unl.pt,user456,user8
user457,457,user457@campus.fct.unl.pt,user457,user6
user458,458,user458@campus.fct.unl.pt,user458,user23
user459,459,user459@campus.fct.unl.pt,user459,user23
user460,460,user460@campus.fct.unl.pt,user460,user24
user461,461,user461@campus.fct.unl.pt,user461,user11
user462,462,user462@campus.fct.unl.pt,user462,user26
user463,463,user463@campus.fct.unl.pt,user463,user14
user464,464,user464@campus.fct.unl.pt,user464,user22
user465,465,user465@campus.fct.unl.pt,user465,user16
user466,466,user466@campus.fct.unl.pt,user466,user17
user467,467,user467@campus.fct.unl.pt,user467,user29
user468,468,user468@campus.fct.unl.pt,user468,user11
user469,469,user469@campus.fct.unl.pt,user469,user16
user470,470,user470@campus.fct.unl.pt,user470,user30
user471,471,user471@campus.fct.unl.pt,user471,user14
user472,472,user472@campus.fct.unl.pt,user472,user21
user473,473,user473@campus.fct.unl.pt,user473,user16
user474,474,user474@campus.fct.unl.pt,user474,user11
user475,475,user475@campus.fct.unl.pt,user475,user26
user476,476,user476@campus.fct.unl.pt,user476,user21
user477,477,user477@campus.fct.unl.pt,user477,user24
user478,478,user478@campus.fct.unl.pt,user478,user19
user479,479,user479@campus.fct.unl.pt,user479,user16
user480,480,user480@campus.fct.unl.pt,user480,user12
user481,481,user481@campus.fct.unl.pt,user481,user15
user482,482,user482@campus.fct.unl.pt,user482,user14
user483,483,user483@campus.fct.unl.pt,user483,user10
user484,484,user484@campus.fct.unl.pt,user484,user3
user485,485,user485@campus.fct.unl.pt,user485,user14
user486,486,user486@campus.fct.unl.pt,user486,user3
user487,487,user487@campus.fct.unl.pt,user487,user3
user488,488,user488@campus.fct.unl.pt,user488,user21
user489,489,user489@campus.fct.unl.pt,user489,user6
user490,490,user490@campus.fct.unl.pt,user490,user8
user491,491,user491@campus.fct.unl.pt,user491,user20
user492,492,user492@campus.fct.unl.pt,user492,user14
user493,493,user493@campus.fct.unl.pt,user493,user11
user494,494,user494@campus.fct.unl.pt,user494,user21
user495,495,user495@campus.fct.unl.pt,user495,user17
user496,496,user496@campus.fct.unl.pt,user496,user26
user497,497,user497@campus.fct.unl.pt,user497,user2
user498,498,user498@campus.fct.unl.pt,user498,user2
user499,499,user499@campus.fct.unl.pt,user499,user23
user500,500,user500@campus.fct.unl.pt,user500,user23
user501,501,user501@campus.fct.unl.pt,user501,user7
user502,502,user502@campus.fct.unl.pt,user502,user23
user503,503,user503@campus.fct.unl.pt,user503,user7
user504,504,user504@campus.fct.unl.pt,user504,user9
user505,505,user505@campus.fct.unl.pt,user505,user27
user506,506,user506@campus.fct.unl.pt,user506,user10
user507,507,user507@campus.fct.unl.pt,user507,user12
user508,508,user508@campus.fct.unl.pt,user508,user25
user509,509,user509@campus.fct.unl.pt,user509,user27
user510,510,user510@campus.fct.unl.pt,user510,user5
user511,511,user511@campus.fct.unl.pt,user511,user3
user512,512,user512@campus.fct.unl.pt,user512,user2
user513,513,user513@campus.fct.unl.pt,user513,user19
user514,514,user514@campus.fct.unl.pt,user514,user9
user515,515,user515@campus.fct.unl.pt,user515,user12
user516,516,user516@campus.fct.unl.pt,user516,user25
user517,517,user517@campus.fct.unl.pt,user517,user5
user518,518,user518@campus.fct.unl.pt,user518,user30
user519,519,user519@campus.fct.unl.pt,user519,user24
user520,520,user520@campus.fct.unl.pt,user520,user19
user521,521,user521@campus.fct.unl.pt,user521,user29
user522,522,user522@campus.fct.unl.pt,user522,user19
user523,523,user523@campus.fct.unl.pt,user523,user28
user524,524,user524@campus.fct.unl.pt,user524,user30
user525,525,user525@campus.fct.unl.pt,user525,user21
user526,526,user526@campus.fct.unl.pt,user526,user30
user527,527,user527@campus.fct.unl.pt,user527,user10
user528,528,user528@campus.fct.unl.pt,user528,user3
user529,529,user529@campus.fct.unl.pt,user529,user14
user530,530,user530@campus.fct.unl.pt,user530,user20
user531,531,user531@campus.fct.unl.pt,user531,user6
user532,532,user532@campus.fct.unl.pt,user532,user3
user533,533,user533@campus.fct.unl.pt,user533,user9
user534,534,user534@campus.fct.unl.pt,user534,user26
user535,535,user535@campus.fct.unl.pt,user535,user22
user536,536,user536@campus.fct.unl.pt,user536,user17
user537,537,user537@campus.fct.unl.pt,user537,user6
user538,538,user538@campus.fct.unl.pt,user538,user21
user539,539,user539@campus.fct.unl.pt,user539,user23
user540,540,user540@campus.fct.unl.pt,user540,user11
user541,541,user541@campus.fct.unl.pt,user541,user24
user542,542,user542@campus.fct.unl.pt,user542,user27
user543,543,user543@campus.fct.unl.pt,user543,user29
user544,544,user544@campus.fct.unl.pt,user544,user18
user545,545,user545@campus.fct.unl.pt,user545,user24
user546,546,user546@campus.fct.unl.pt,user546,user1
user547,547,user547@campus.fct.unl.pt,user547,user3
user548,548,user548@campus.fct.unl.pt,user548,user28
user549,549,user549@campus.fct.unl.pt,user549,user8
user550,550,user550@campus.fct.unl.pt,user550,user8
user551,551,user551@campus.fct.unl.pt,user551,user17
user552,552,user552@campus.fct.unl.pt,user552,user25
user553,553,user553@campus.fct.unl.pt,user553,user4
user554,554,user554@campus.fct.unl.pt,user554,user26
user555,555,user555@campus.fct.unl.pt,user555,user14
user556,556,user556@campus.fct.unl.pt,user556,user9
user557,557,user557@campus.fct.unl.pt,user557,user3
user558,558,user558@campus.fct.unl.pt,user558,user3
user559,559,user559@campus.fct.unl.pt,user559,user26
user560,560,user560@campus.fct.unl.pt,user560,user9
user561,561,user561@campus.fct.unl.pt,user561,user7
user562,562,user562@campus.fct.unl.pt,user562,user21
user563,563,user563@campus.fct.unl.pt,user563,user20
user564,564,user564@campus.fct.unl.pt,user564,user17
user565,565,user565@campus.fct.unl.pt,user565,user13
user566,566,user566@campus.fct.unl.pt,user566,user26
user567,567,user567@campus.fct.unl.pt,user567,user20
user568,568,user568@campus.fct.unl.pt,user568,user17
user569,569,user569@campus.fct.unl.pt,user569,user27
user570,570,user570@campus.fct.unl.pt,user570,user9
user571,571,user571@campus.fct.unl.pt,user571,user8
user572,572,user572@campus.fct.unl.pt,user572,user28
user573,573,user573@campus.fct.unl.pt,user573,user3
user574,574,user574@campus.fct.unl.pt,user574,user7
user575,575,user575@campus.fct.unl.pt,user575,user10
user576,576,user576@campus.fct.unl.pt,user576,user4
user577,577,user577@campus.fct.unl.pt,user577,user6
user578,578,user578@campus.fct.unl.pt,user578,user1
user579,579,user579@campus.fct.unl.pt,user579,user10
user580,580,user580@campus.fct.unl.pt,user580,user14
user581,581,user581@campus.fct.unl.pt,user581,user12
user582,582,user582@campus.fct.unl.pt,user582,user23
user583,583,user583@campus.fct.unl.pt,user583,user7
user584,584,user584@campus.fct.unl.pt,user584,user13
user585,585,user585@campus.fct.unl.pt,user585,user11
user586,586,user586@campus.fct.unl.pt,user586,user13
user587,587,user587@campus.fct.unl.pt,user587,user7
user588,588,user588@campus.fct.unl.pt,user588,user28
user589,589,user589@campus.fct.unl.pt,user589,user18
user590,590,user590@campus.fct.unl.pt,user590,user16
user591,591,user591@campus.fct.unl.pt,user591,user4
user592,592,user592@campus.fct.unl.pt,user592,user27
user593,593,user593@campus.fct.unl.pt,user593,user7
user594,594,user594@campus.fct.unl.pt,user594,user8
user595,595,user595@campus.fct.unl.pt,user595,user26
user596,596,user596@campus.fct.unl.pt,user596,user21
user597,597,user597@campus.fct.unl.pt,user597,user8
user598,598,user598@campus.fct.unl.pt,user598,user16
user599,599,user599@campus.fct.unl.pt,user599,user22
user600,600,user600@campus.fct.unl.pt,user600,user16
user601,601,user601@campus.fct.unl.pt,user601,user11
user602,602,user602@campus.fct.unl.pt,user602,user8
user603,603,user603@campus.fct.unl.pt,user603,user19
user604,604,user604@campus.fct.unl.pt,user604,user28
user605,605,user605@campus.fct.unl.pt,user605,user16
user606,606,user606@campus.fct.unl.pt,user606,user29
user607,607,user607@campus.fct.unl.pt,user607,user22
user608,608,user608@campus.fct.unl.pt,user608,user16
user609,609,user609@campus.fct.unl.pt,user609,user14
user610,610,user610@campus.fct.unl.pt,user610,user9
user611,611,user611@campus.fct.unl.pt,user611,user13
user612,612,user612@campus.fct.unl.pt,user612,user4
user613,613,user613@campus.fct.unl.pt,user613,user1
user614,614,user614@campus.fct.unl.pt,user614,user30
user615,615,user615@campus.fct.unl.pt,user615,user22
user616,616,user616@campus.fct.unl.pt,user616,user15
user617,617,user617@campus.fct.unl.pt,user617,user17
user618,618,user618@campus.fct.unl.pt,user618,user5
user619,619,user619@campus.fct.unl.pt,user619,user23
user620,620,user620@campus.fct.unl.pt,user620,user17
user621,621,user621@campus.fct.unl.pt,user621,user6
user622,622,user622@campus.fct.unl.pt,user622,user15
user623,623,user623@campus.fct.unl.pt,user623,user21
user624,624,user624@campus.fct.unl.pt,user624,user17
user625,625,user625@campus.fct.unl.pt,user625,user12
user626,626,user626@campus.fct.unl.pt,user626,user7
user627,627,user627@campus.fct.unl.pt,user627,user19
user628,628,user628@campus.fct.unl.pt,user628,user12
user629,629,user629@campus.fct.unl.pt,user629,user16
user630,630,user630@campus.fct.unl.pt,user630,user22
user631,631,user631@campus.fct.unl.pt,user631,user26
user632,632,user632@campus.fct.unl.pt,user632,user28
user633,633,user633@campus.fct.unl.pt,user633,user11
user634,634,user634@campus.fct.unl.pt,user634,user23
user635,635,user635@campus.fct.unl.pt,user635,user30
user636,636,user636@campus.fct.unl.pt,user636,user3
user637,637,user637@campus.fct.unl.pt,user637,user19
user638,638,user638@campus.fct.unl.pt,user638,user2
user639,639,user639@campus.fct.unl.pt,user639,user14
user640,640,user640@campus.fct.unl.pt,user640,user6
user641,641,user641@campus.fct.unl.pt,user641,user9
user642,642,user642@campus.fct.unl.pt,user642,user1
user643,643,user643@campus.fct.unl.pt,user643,user22
user644,644,user644@campus.fct.unl.pt,user644,user20
user645,645,user645@campus.fct.unl.pt,user645,user24
user646,646,user646@campus.fct.unl.pt,user646,user20
user647,647,user647@campus.fct.unl.pt,user647,user29
user648,648,user648@campus.fct.unl.pt,user648,user24
user649,649,user649@campus.fct.unl.pt,user649,user13
user650,650,user650@campus.fct.unl.pt,user650,user27
user651,651,user651@campus.fct.unl.pt,user651,user2
user652,652,user652@campus.fct.unl.pt,user652,user20
user653,653,user653@campus.fct.unl.pt,user653,user25
user654,654,user654@campus.fct.unl.pt,user654,user20
user655,655,user655@campus.fct.unl.pt,user655,user1
user656,656,user656@campus.fct.unl.pt,user656,user20
user657,657,user657@campus.fct.unl.pt,user657,user8
user658,658,user658@campus.fct.unl.pt,user658,user10
user659,659,user659@campus.fct.unl.pt,user659,user12
user660,660,user660@campus.fct.unl.pt,user660,user11
user661,661,user661@campus.fct.unl.pt,user661,user20
user662,662,user662@campus.fct.unl.pt,user662,user25
user663,663,user663@campus.fct.unl.pt,user663,user15
user664,664,user664@campus.fct.unl.pt,user664,user30
user665,665,user665@campus.fct.unl.pt,user665,user24
user666,666,user666@campus.fct.unl.pt,user666,user9
user667,667,user667@campus.fct.unl.pt,user667,user27
user668,668,user668@campus.fct.unl.pt,user668,user4
user669,669,user669@campus.fct.unl.pt,user669,user26
user670,670,user670@campus.fct.unl.pt,user670,user17
user671,671,user671@campus.fct.unl.pt,user671,user9
user672,672,user672@campus.fct.unl.pt,user672,user6
user673,673,user673@campus.fct.unl.pt,user673,user30
user674,674,user674@campus.fct.unl.pt,user674,user14
user675,675,user675@campus.fct.unl.pt,user675,user24
user676,676,user676@campus.fct.unl.pt,user676,user14
user677,677,user677@campus.fct.unl.pt,user677,user12
user678,678,user678@campus.fct.unl.pt,user678,user24
user679,679,user679@campus.fct.unl.pt,user679,user15
user680,680,user680@campus.fct.unl.pt,user680,user30
user681,681,user681@campus.fct.unl.pt,user681,user10
user682,682,user682@campus.fct.unl.pt,user682,user26
user683,683,user683@campus.fct.unl.pt,user683,user3
user684,684,user684@campus.fct.unl.pt,user684,user4
user685,685,user685@campus.fct.unl.pt,user685,user8
user686,686,user686@campus.fct.unl.pt,user686,user4
user687,687,user687@campus.fct.unl.pt,user687,user4
user688,688,user688@campus.fct.unl.pt,user688,user29
user689,689,user689@campus.fct.unl.pt,user689,user29
user690,690,user690@campus.fct.unl.pt,user690,user21
user691,691,user691@campus.fct.unl.pt,user691,user27
user692,692,user692@campus.fct.unl.pt,user692,user1
user693,693,user693@campus.fct.unl.pt,user693,user28
user694,694,user694@campus.fct.unl.pt,user694,user16
user695,695,user695@campus.fct.unl.pt,user695,user23
user696,696,user696@campus.fct.unl.pt,user696,user15
user697,697,user697@campus.fct.unl.pt,user697,user1
user698,698,user698@campus.fct.unl.pt,user698,user22
user699,699,user699@campus.fct.unl.pt,user699,user4
user700,700,user700@campus.fct.unl.pt,user700,user16
user701,701,user701@campus.fct.unl.pt,user701,user10
user702,702,user702@campus.fct.unl.pt,user702,user27
user703,703,user703@campus.fct.unl.pt,user703,user27
user704,704,user704@campus.fct.unl.pt,user704,user30
user705,705,user705@campus.fct.unl.pt,user705,user7
user706,706,user706@campus.fct.unl.pt,user706,user30
user707,707,user707@campus.fct.unl.pt,user707,user5
user708,708,user708@campus.fct.unl.pt,user708,user29
user709,709,user709@campus.fct.unl.pt,user709,user17
user710,710,user710@campus.fct.unl.pt,user710,user22
user711,711,user711@campus.fct.unl.pt,user711,user10
user712,712,user712@campus.fct.unl.pt,user712,user23
user713,713,user713@campus.fct.unl.pt,user713,user8
user714,714,user714@campus.fct.unl.pt,user714,user12
user715,715,user715@campus.fct.unl.pt,user715,user7
user716,716,user716@campus.fct.unl.pt,user716,user14
user717,717,user717@campus.fct.unl.pt,user717,user4
user718,718,user718@campus.fct.unl.pt,user718,user5
user719,719,user719@campus.fct.unl.pt,user719,user9
user720,720,user720@campus.fct.unl.pt,user720,user13
user721,721,user721@campus.fct.unl.pt,user721,user19
user722,722,user722@campus.fct.unl.pt,user722,user30
user723,723,user723@campus.fct.unl.pt,user723,user4
user724,724,user724@campus.fct.unl.pt,user724,user20
user725,725,user725@campus.fct.unl.pt,user725,user29
user726,726,user726@campus.fct.unl.pt,user726,user28
user727,727,user727@campus.fct.unl.pt,user727,user19
user728,728,user728@campus.fct.unl.pt,user728,user9
user729,729,user729@campus.fct.unl.pt,user729,user1
user730,730,user730@campus.fct.unl.pt,user730,user24
user731,731,user731@campus.fct.unl.pt,user731,user7
user732,732,user732@campus.fct.unl.pt,user732,user23
user733,733,user733@campus.fct.unl.pt,user733,user17
user734,734,user734@campus.fct.unl.pt,user734,user29
user735,735,user735@campus.fct.unl.pt,user735,user14
user736,736,user736@campus.fct.unl.pt,user736,user19
user737,737,user737@campus.fct.unl.pt,user737,user13
user738,738,user738@campus.fct.unl.pt,user738,user7
user739,739,user739@campus.fct.unl.pt,user739,user17
user740,740,user740@campus.fct.unl.pt,user740,user16
user741,741,user741@campus.fct.unl.pt,user741,user1
user742,742,user742@campus.fct.unl.pt,user742,user8
user743,743,user743@campus.fct.unl.pt,user743,user16
user744,744,user744@campus.fct.unl.pt,user744,user4
user745,745,user745@campus.fct.unl.pt,user745,user19
user746,746,user746@campus.fct.unl.pt,user746,user5
user747,747,user747@campus.fct.unl.pt,user747,user15
user748,748,user748@campus.fct.unl.pt,user748,user7
user749,749,user749@campus.fct.unl.pt,user749,user18
user750,750,user750@campus.fct.unl.pt,user750,user30
user751,751,user751@campus.fct.unl.pt,user751,user9
user752,752,user752@campus.fct.unl.pt,user752,user16
user753,753,user753@campus.fct.unl.pt,user753,user27
user754,754,user754@campus.fct.unl.pt,user754,user22
user755,755,user755@campus.fct.unl.pt,user755,user28
user756,756,user756@campus.fct.unl.pt,user756,user30
user757,757,user757@campus.fct.unl.pt,user757,user29
user758,758,user758@campus.fct.unl.pt,user758,user22
user759,759,user759@campus.fct.unl.pt,user759,user12
user760,760,user760@campus.fct.unl.pt,user760,user13
user761,761,user761@campus.fct.unl.pt,user761,user22
user762,762,user762@campus.fct.unl.pt,user762,user8
user763,763,user763@campus.fct.unl.pt,user763,user25
user764,764,user764@campus.fct.unl.pt,user764,user6
user765,765,user765@campus.fct.unl.pt,user765,user5
user766,766,user766@campus.fct.unl.pt,user766,user1
user767,767,user767@campus.fct.unl.pt,user767,user14
user768,768,user768@campus.fct.unl.pt,user768,user17
user769,769,user769@campus.fct.unl.pt,user769,user15
user770,770,user770@campus.fct.unl.pt,user770,user16
user771,771,user771@campus.fct.unl.pt,user771,user3
user772,772,user772@campus.fct.unl.pt,user772,user9
user773,773,user773@campus.fct.unl.pt,user773,user25
user774,774,user774@campus.fct.unl.pt,user774,user27
user775,775,user775@campus.fct.unl.pt,user775,user3
user776,776,user776@campus.fct.unl.pt,user776,user21
user777,777,user777@campus.fct.unl.pt,user777,user29
user778,778,user778@campus.fct.unl.pt,user778,user26
user779,779,user779@campus.fct.unl.pt,user779,user25
user780,780,user780@campus.fct.unl.pt,user780,user20
user781,781,user781@campus.fct.unl.pt,user781,user19
user782,782,user782@campus.fct.unl.pt,user782,user15
user783,783,user783@campus.fct.unl.pt,user783,user24
user784,784,user784@campus.fct.unl.pt,user784,user17
user785,785,user785@campus.fct.unl.pt,user785,user26
user786,786,user786@campus.fct.unl.pt,user786,user29
user787,787,user787@campus.fct.unl.pt,user787,user4
user788,788,user788@campus.fct.unl.pt,user788,user1
user789,789,user789@campus.fct.unl.pt,user789,user20
user790,790,user790@campus.fct.unl.pt,user790,user9
user791,791,user791@campus.fct.unl.pt,user791,user8
user792,792,user792@campus.fct.unl.pt,user792,user22
user793,793,user793@campus.fct.unl.pt,user793,user5
user794,794,user794@campus.fct.unl.pt,user794,user27
user795,795,user795@campus.fct.unl.pt,user795,user23
user796,796,user796@campus.fct.unl.pt,user796,user8
user797,797,user797@campus.fct.unl.pt,user797,user13
user798,798,user798@campus.fct.unl.pt,user798,user27
user799,799,user799@campus.fct.unl.pt,user799,user26
user800,800,user800@campus.fct.unl.pt,user800,user18
user801,801,user801@campus.fct.unl.pt,user801,user6
user802,802,user802@campus.fct.unl.pt,user802,user15
user803,803,user803@campus.fct.unl.pt,user803,user6
user804,804,user804@campus.fct.unl.pt,user804,user9
user805,805,user805@campus.fct.unl.pt,user805,user30
user806,806,user806@campus.fct.unl.pt,user806,user23
user807,807,user807@campus.fct.unl.pt,user807,user24
user808,808,user808@campus.fct.unl.pt,user808,user8
user809,809,user809@campus.fct.unl.pt,user809,user14
user810,810,user810@campus.fct.unl.pt,user810,user20
user811,811,user811@campus.fct.unl.pt,user811,user12
user812,812,user812@campus.fct.unl.pt,user812,user27
user813,813,user813@campus.fct.unl.pt,user813,user26
user814,814,user814@campus.fct.unl.pt,user814,user2
user815,815,user815@campus.fct.unl.pt,user815,user6
user816,816,user816@campus.fct.unl.pt,user816,user1
user817,817,user817@campus.fct.unl.pt,user817,user13
user818,818,user818@campus.fct.unl.pt,user818,user4
user819,819,user819@campus.fct.unl.pt,user819,user22
user820,820,user820@campus.fct.unl.pt,user820,user27
user821,821,user821@campus.fct.unl.pt,user821,user9
user822,822,user822@campus.fct.unl.pt,user822,user23
user823,823,user823@campus.fct.unl.pt,user823,user30
user824,824,user824@campus.fct.unl.pt,user824,user9
user825,825,user825@campus.fct.unl.pt,user825,user15
user826,826,user826@campus.fct.unl.pt,user826,user17
user827,827,user827@campus.fct.unl.pt,user827,user8
user828,828,user828@campus.fct.unl.pt,user828,user6
user829,829,user829@campus.fct.unl.pt,user829,user23
user830,830,user830@campus.fct.unl.pt,user830,user25
user831,831,user831@campus.fct.unl.pt,user831,user4
user832,832,user832@campus.fct.unl.pt,user832,user7
user833,833,user833@campus.fct.unl.pt,user833,user10
user834,834,user834@campus.fct.unl.pt,user834,user12
user835,835,user835@campus.fct.unl.pt,user835,user16
user836,836,user836@campus.fct.unl.pt,user836,user20
user837,837,user837@campus.fct.unl.pt,user837,user6
user838,838,user838@campus.fct.unl.pt,user838,user13
user839,839,user839@campus.fct.unl.pt,user839,user23
user840,840,user840@campus.fct.unl.pt,user840,user26
user841,841,user841@campus.fct.unl.pt,user841,user14
user842,842,user842@campus.fct.unl.pt,user842,user13
user843,843,user843@campus.fct.unl.pt,user843,user20
user844,844,user844@campus.fct.unl.pt,user844,user19
user845,845,user845@campus.fct.unl.pt,user845,user6
user846,846,user846@campus.fct.unl.pt,user846,user23
user847,847,user847@campus.fct.unl.pt,user847,user24
user848,848,user848@campus.fct.unl.pt,user848,user10
user849,849,user849@campus.fct.unl.pt,user849,user6
user850,850,user850@campus.fct.unl.pt,user850,user16
user851,851,user851@campus.fct.unl.pt,user851,user4
user852,852,user852@campus.fct.unl.pt,user852,user16
user853,853,user853@campus.fct.unl.pt,user853,user13
user854,854,user854@campus.fct.unl.pt,user854,user25
user855,855,user855@campus.fct.unl.pt,user855,user14
user856,856,user856@campus.fct.unl.pt,user856,user19
user857,857,user857@campus.fct.unl.pt,user857,user29
user858,858,user858@campus.fct.unl.pt,user858,user8
user859,859,user859@campus.fct.unl.pt,user859,user28
user860,860,user860@campus.fct.unl.pt,user860,user24
user861,861,user861@campus.fct.unl.pt,user861,user11
user862,862,user862@campus.fct.unl.pt,user862,user16
user863,863,user863@campus.fct.unl.pt,user863,user25
user864,864,user864@campus.fct.unl.pt,user864,user15
user865,865,user865@campus.fct.unl.pt,user865,user23
user866,866,user866@campus.fct.unl.pt,user866,user27
user867,867,user867@campus.fct.unl.pt,user867,user26
user868,868,user868@campus.fct.unl.pt,user868,user17
user869,869,user869@campus.fct.unl.pt,user869,user12
user870,870,user870@campus.fct.unl.pt,user870,user20
user871,871,user871@campus.fct.unl.pt,user871,user29
user872,872,user872@campus.fct.unl.pt,user872,user10
user873,873,user873@campus.fct.unl.pt,user873,user11
user874,874,user874@campus.fct.unl.pt,user874,user3
user875,875,user875@campus.fct.unl.pt,user875,user4
user876,876,user876@campus.fct.unl.pt,user876,user15
user877,877,user877@campus.fct.unl.pt,user877,user6
user878,878,user878@campus.fct.unl.pt,user878,user24
user879,879,user879@campus.fct.unl.pt,user879,user26
user880,880,user880@campus.fct.unl.pt,user880,user17
user881,881,user881@campus.fct.unl.pt,user881,user8
user882,882,user882@campus.fct.unl.pt,user882,user30
user883,883,user883@campus.fct.unl.pt,user883,user16
user884,884,user884@campus.fct.unl.pt,user884,user19
user885,885,user885@campus.fct.unl.pt,user885,user7
user886,886,user886@campus.fct.unl.pt,user886,user23
user887,887,user887@campus.fct.unl.pt,user887,user21
user888,888,user888@campus.fct.unl.pt,user888,user10
user889,889,user889@campus.fct.unl.pt,user889,user4
user890,890,user890@campus.fct.unl.pt,user890,user13
user891,891,user891@campus.fct.unl.pt,user891,user14
user892,892,user892@campus.fct.unl.pt,user892,user10
user893,893,user893@campus.fct.unl.pt,user893,user11
user894,894,user894@campus.fct.unl.pt,user894,user27
user895,895,user895@campus.fct.unl.pt,user895,user13
user896,896,user896@campus.fct.unl.pt,user896,user15
user897,897,user897@campus.fct.unl.pt,user897,user23
user898,898,user898@campus.fct.unl.pt,user898,user10
user899,899,user899@campus.fct.unl.pt,user899,user29
user900,900,user900@campus.fct.unl.pt,user900,user22
user901,901,user901@campus.fct.unl.pt,user901,user6
user902,902,user902@campus.fct.unl.pt,user902,user16
user903,903,user903@campus.fct.unl.pt,user903,user11
user904,904,user904@campus.fct.unl.pt,user904,user9
user905,905,user905@campus.fct.unl.pt,user905,user17
user906,906,user906@campus.fct.unl.pt,user906,user4
user907,907,user907@campus.fct.unl.pt,user907,user14
user908,908,user908@campus.fct.unl.pt,user908,user10
user909,909,user909@campus.fct.unl.pt,user909,user18
user910,910,user910@campus.fct.unl.pt,user910,user5
user911,911,user911@campus.fct.unl.pt,user911,user23
user912,912,user912@campus.fct.unl.pt,user912,user17
user913,913,user913@campus.fct.unl.pt,user913,user10
user914,914,user914@campus.fct.unl.pt,user914,user25
user915,915,user915@campus.fct.unl.pt,user915,user14
user916,916,user916@campus.fct.unl.pt,user916,user16
user917,917,user917@campus.fct.unl.pt,user917,user29
user918,918,user918@campus.fct.unl.pt,user918,user22
user919,919,user919@campus.fct.unl.pt,user919,user6
user920,920,user920@campus.fct.unl.pt,user920,user14
user921,921,user921@campus.fct.unl.pt,user921,user7
user922,922,user922@campus.fct.unl.pt,user922,user30
user923,923,user923@campus.fct.unl.pt,user923,user10
user924,924,user924@campus.fct.unl.pt,user924,user9
user925,925,user925@campus.fct.unl.pt,user925,user28
user926,926,user926@campus.fct.unl.pt,user926,user29
user927,927,user927@campus.fct.unl.pt,user927,user17
user928,928,user928@campus.fct.unl.pt,user928,user7
user929,929,user929@campus.fct.unl.pt,user929,user6
user930,930,user930@campus.fct.unl.pt,user930,user5
user931,931,user931@campus.fct.unl.pt,user931,user18
user932,932,user932@campus.fct.unl.pt,user932,user2
user933,933,user933@campus.fct.unl.pt,user933,user12
user934,934,user934@campus.fct.unl.pt,user934,user28
user935,935,user935@campus.fct.unl.pt,user935,user8
user936,936,user936@campus.fct.unl.pt,user936,user23
user937,937,user937@campus.fct.unl.pt,user937,user2
user938,938,user938@campus.fct.unl.pt,user938,user21
user939,939,user939@campus.fct.unl.pt,user939,user22
user940,940,user940@campus.fct.unl.pt,user940,user10
user941,941,user941@campus.fct.unl.pt,user941,user14
user942,942,user942@campus.fct.unl.pt,user942,user24
user943,943,user943@campus.fct.unl.pt,user943,user15
user944,944,user944@campus.fct.unl.pt,user944,user2
user945,945,user945@campus.fct.unl.pt,user945,user27
user946,946,user946@campus.fct.unl.pt,user946,user1
user947,947,user947@campus.fct.unl.pt,user947,user13
user948,948,user948@campus.fct.unl.pt,user948,user11
user949,949,user949@campus.fct.unl.pt,user949,user5
user950,950,user950@campus.fct.unl.pt,user950,user29
user951,951,user951@campus.fct.unl.pt,user951,user28
user952,952,user952@campus.fct.unl.pt,user952,user21
user953,953,user953@campus.fct.unl.pt,user953,user18
user954,954,user954@campus.fct.unl.pt,user954,user25
user955,955,user955@campus.fct.unl.pt,user955,user18
user956,956,user956@campus.fct.unl.pt,user956,user7
user957,957,user957@campus.fct.unl.pt,user957,user15
user958,958,user958@campus.fct.unl.pt,user958,user8
user959,959,user959@campus.fct.unl.pt,user959,user11
user960,960,user960@campus.fct.unl.pt,user960,user10
user961,961,user961@campus.fct.unl.pt,user961,user30
user962,962,user962@campus.fct.unl.pt,user962,user4
user963,963,user963@campus.fct.unl.pt,user963,user30
user964,964,user964@campus.fct.unl.pt,user964,user29
user965,965,user965@campus.fct.unl.pt,user965,user11
user966,966,user966@campus.fct.unl.pt,user966,user23
user967,967,user967@campus.fct.unl.pt,user967,user5
user968,968,user968@campus.fct.unl.pt,user968,user9
user969,969,user969@campus.fct.unl.pt,user969,user11
user970,970,user970@campus.fct.unl.pt,user970,user13
user971,971,user971@campus.fct.unl.pt,user971,user10
user972,972,user972@campus.fct.unl.pt,user972,user20
user973,973,user973@campus.fct.unl.pt,user973,user3
user974,974,user974@campus.fct.unl.pt,user974,user12
user975,975,user975@campus.fct.unl.pt,user975,user21
user976,976,user976@campus.fct.unl.pt,user976,user6
user977,977,user977@campus.fct.unl.pt,user977,user9
user978,978,user978@campus.fct.unl.pt,user978,user10
user979,979,user979@campus.fct.unl.pt,user979,user21
user980,980,user980@campus.fct.unl.pt,user980,user10
user981,981,user981@campus.fct.unl.pt,user981,user29
user982,982,user982@campus.fct.unl.pt,user982,user11
user983,983,user983@campus.fct.unl.pt,user983,user3
user984,984,user984@campus.fct.unl.pt,user984,user8
user985,985,user985@campus.fct.unl.pt,user985,user16
user986,986,user986@campus.fct.unl.pt,user986,user6
user987,987,user987@campus.fct.unl.pt,user987,user2
user988,988,user988@campus.fct.unl.pt,user988,user4
user989,989,user989@campus.fct.unl.pt,user989,user14
user990,990,user990@campus.fct.unl.pt,user990,user12
user991,991,user991@campus.fct.unl.pt,user991,user17
user992,992,user992@campus.fct.unl.pt,user992,user20
user993,993,user993@campus.fct.unl.pt,user993,user8
user994,994,user994@campus.fct.unl.pt,user994,user10
user995,995,user995@campus.fct.unl.pt,user995,user23
user996,996,user996@campus.fct.unl.pt,user996,user4
user997,997,user997@campus.fct.unl.pt,user997,user30
user998,998,user998@campus.fct.unl.pt,user998,user13
user999,999,user999@campus.fct.unl.pt,user999,user18
user1000,1000,user1000@campus.fct.unl.pt,user1000,user18
